{
  "type_description_msg": {
    "type_description": {
      "type_name": "custom_interfaces/msg/RobotCpu",
      "fields": [
        {
          "name": "nid",
          "type": {
            "type_id": 17,
            "capacity": 0,
            "string_capacity": 0,
            "nested_type_name": ""
          },
          "default_value": ""
        },
        {
          "name": "data",
          "type": {
            "type_id": 11,
            "capacity": 0,
            "string_capacity": 0,
            "nested_type_name": ""
          },
          "default_value": ""
        }
      ]
    },
    "referenced_type_descriptions": []
  },
  "type_hashes": [
    {
      "type_name": "custom_interfaces/msg/RobotCpu",
      "hash_string": "RIHS01_3cdf5991d806113a124d9718fb20353d3c499d529cf944b43ddbdc872f90943f"
    }
  ]
}