{
  "type_description_msg": {
    "type_description": {
      "type_name": "custom_interfaces/msg/RobotBattery",
      "fields": [
        {
          "name": "nid",
          "type": {
            "type_id": 17,
            "capacity": 0,
            "string_capacity": 0,
            "nested_type_name": ""
          },
          "default_value": ""
        },
        {
          "name": "data",
          "type": {
            "type_id": 11,
            "capacity": 0,
            "string_capacity": 0,
            "nested_type_name": ""
          },
          "default_value": ""
        }
      ]
    },
    "referenced_type_descriptions": []
  },
  "type_hashes": [
    {
      "type_name": "custom_interfaces/msg/RobotBattery",
      "hash_string": "RIHS01_65319dcd138463b818c7a54d01bdc340555ccf01e1fac924940f3a93ef4b3dfd"
    }
  ]
}