{
  "type_description_msg": {
    "type_description": {
      "type_name": "custom_interfaces/srv/RobotInterfaceInfo",
      "fields": [
        {
          "name": "request_message",
          "type": {
            "type_id": 1,
            "capacity": 0,
            "string_capacity": 0,
            "nested_type_name": "custom_interfaces/srv/RobotInterfaceInfo_Request"
          },
          "default_value": ""
        },
        {
          "name": "response_message",
          "type": {
            "type_id": 1,
            "capacity": 0,
            "string_capacity": 0,
            "nested_type_name": "custom_interfaces/srv/RobotInterfaceInfo_Response"
          },
          "default_value": ""
        },
        {
          "name": "event_message",
          "type": {
            "type_id": 1,
            "capacity": 0,
            "string_capacity": 0,
            "nested_type_name": "custom_interfaces/srv/RobotInterfaceInfo_Event"
          },
          "default_value": ""
        }
      ]
    },
    "referenced_type_descriptions": [
      {
        "type_name": "builtin_interfaces/msg/Time",
        "fields": [
          {
            "name": "sec",
            "type": {
              "type_id": 6,
              "capacity": 0,
              "string_capacity": 0,
              "nested_type_name": ""
            },
            "default_value": ""
          },
          {
            "name": "nanosec",
            "type": {
              "type_id": 7,
              "capacity": 0,
              "string_capacity": 0,
              "nested_type_name": ""
            },
            "default_value": ""
          }
        ]
      },
      {
        "type_name": "custom_interfaces/srv/RobotInterfaceInfo_Event",
        "fields": [
          {
            "name": "info",
            "type": {
              "type_id": 1,
              "capacity": 0,
              "string_capacity": 0,
              "nested_type_name": "service_msgs/msg/ServiceEventInfo"
            },
            "default_value": ""
          },
          {
            "name": "request",
            "type": {
              "type_id": 97,
              "capacity": 1,
              "string_capacity": 0,
              "nested_type_name": "custom_interfaces/srv/RobotInterfaceInfo_Request"
            },
            "default_value": ""
          },
          {
            "name": "response",
            "type": {
              "type_id": 97,
              "capacity": 1,
              "string_capacity": 0,
              "nested_type_name": "custom_interfaces/srv/RobotInterfaceInfo_Response"
            },
            "default_value": ""
          }
        ]
      },
      {
        "type_name": "custom_interfaces/srv/RobotInterfaceInfo_Request",
        "fields": [
          {
            "name": "interface",
            "type": {
              "type_id": 17,
              "capacity": 0,
              "string_capacity": 0,
              "nested_type_name": ""
            },
            "default_value": ""
          }
        ]
      },
      {
        "type_name": "custom_interfaces/srv/RobotInterfaceInfo_Response",
        "fields": [
          {
            "name": "definition",
            "type": {
              "type_id": 17,
              "capacity": 0,
              "string_capacity": 0,
              "nested_type_name": ""
            },
            "default_value": ""
          },
          {
            "name": "interfaces",
            "type": {
              "type_id": 161,
              "capacity": 0,
              "string_capacity": 0,
              "nested_type_name": ""
            },
            "default_value": ""
          }
        ]
      },
      {
        "type_name": "service_msgs/msg/ServiceEventInfo",
        "fields": [
          {
            "name": "event_type",
            "type": {
              "type_id": 3,
              "capacity": 0,
              "string_capacity": 0,
              "nested_type_name": ""
            },
            "default_value": ""
          },
          {
            "name": "stamp",
            "type": {
              "type_id": 1,
              "capacity": 0,
              "string_capacity": 0,
              "nested_type_name": "builtin_interfaces/msg/Time"
            },
            "default_value": ""
          },
          {
            "name": "client_gid",
            "type": {
              "type_id": 51,
              "capacity": 16,
              "string_capacity": 0,
              "nested_type_name": ""
            },
            "default_value": ""
          },
          {
            "name": "sequence_number",
            "type": {
              "type_id": 8,
              "capacity": 0,
              "string_capacity": 0,
              "nested_type_name": ""
            },
            "default_value": ""
          }
        ]
      }
    ]
  },
  "type_hashes": [
    {
      "type_name": "custom_interfaces/srv/RobotInterfaceInfo",
      "hash_string": "RIHS01_5c0444d9f0fd98abe0c2aefc42b114f8bad0f112bda4139dc31b0736bf8532a5"
    },
    {
      "type_name": "builtin_interfaces/msg/Time",
      "hash_string": "RIHS01_b106235e25a4c5ed35098aa0a61a3ee9c9b18d197f398b0e4206cea9acf9c197"
    },
    {
      "type_name": "custom_interfaces/srv/RobotInterfaceInfo_Event",
      "hash_string": "RIHS01_3e2d2b0c97c53fb500332301189816cfd4a232ca2dc970c6a8e8f9965ee3a42a"
    },
    {
      "type_name": "custom_interfaces/srv/RobotInterfaceInfo_Request",
      "hash_string": "RIHS01_4d178880bfe6f9310a3e8c31217695601bb1f966788e25726065d9d0870cc641"
    },
    {
      "type_name": "custom_interfaces/srv/RobotInterfaceInfo_Response",
      "hash_string": "RIHS01_550065613c2cf633ea78261f15b26727481ae61b6e3ee3479b43b3df7aab7638"
    },
    {
      "type_name": "service_msgs/msg/ServiceEventInfo",
      "hash_string": "RIHS01_41bcbbe07a75c9b52bc96bfd5c24d7f0fc0a08c0cb7921b3373c5732345a6f45"
    }
  ]
}