{
  "type_description_msg": {
    "type_description": {
      "type_name": "custom_interfaces/msg/RobotQuaternion",
      "fields": [
        {
          "name": "nid",
          "type": {
            "type_id": 17,
            "capacity": 0,
            "string_capacity": 0,
            "nested_type_name": ""
          },
          "default_value": ""
        },
        {
          "name": "x",
          "type": {
            "type_id": 11,
            "capacity": 0,
            "string_capacity": 0,
            "nested_type_name": ""
          },
          "default_value": ""
        },
        {
          "name": "y",
          "type": {
            "type_id": 11,
            "capacity": 0,
            "string_capacity": 0,
            "nested_type_name": ""
          },
          "default_value": ""
        },
        {
          "name": "z",
          "type": {
            "type_id": 11,
            "capacity": 0,
            "string_capacity": 0,
            "nested_type_name": ""
          },
          "default_value": ""
        },
        {
          "name": "w",
          "type": {
            "type_id": 11,
            "capacity": 0,
            "string_capacity": 0,
            "nested_type_name": ""
          },
          "default_value": ""
        }
      ]
    },
    "referenced_type_descriptions": []
  },
  "type_hashes": [
    {
      "type_name": "custom_interfaces/msg/RobotQuaternion",
      "hash_string": "RIHS01_324614c732d62dfe9b5da4a1c9f1271cef2872de1a9566eaeaf7ce70d9e09510"
    }
  ]
}