{
  "type_description_msg": {
    "type_description": {
      "type_name": "custom_interfaces/msg/RobotMisc",
      "fields": [
        {
          "name": "nid",
          "type": {
            "type_id": 17,
            "capacity": 0,
            "string_capacity": 0,
            "nested_type_name": ""
          },
          "default_value": ""
        },
        {
          "name": "data",
          "type": {
            "type_id": 17,
            "capacity": 0,
            "string_capacity": 0,
            "nested_type_name": ""
          },
          "default_value": ""
        }
      ]
    },
    "referenced_type_descriptions": []
  },
  "type_hashes": [
    {
      "type_name": "custom_interfaces/msg/RobotMisc",
      "hash_string": "RIHS01_25729e4094f4d1ea0aca2043c702dfdd4a2fdb9c2cb9d6da38992840e063174c"
    }
  ]
}