{
  "type_description_msg": {
    "type_description": {
      "type_name": "custom_interfaces/msg/RobotActivity",
      "fields": [
        {
          "name": "nid",
          "type": {
            "type_id": 17,
            "capacity": 0,
            "string_capacity": 0,
            "nested_type_name": ""
          },
          "default_value": ""
        },
        {
          "name": "activity",
          "type": {
            "type_id": 17,
            "capacity": 0,
            "string_capacity": 0,
            "nested_type_name": ""
          },
          "default_value": ""
        }
      ]
    },
    "referenced_type_descriptions": []
  },
  "type_hashes": [
    {
      "type_name": "custom_interfaces/msg/RobotActivity",
      "hash_string": "RIHS01_478f357089ff0188d3dd9a68f6dedca49d77db3fc31617d7490d0f840e437422"
    }
  ]
}