{
  "type_description_msg": {
    "type_description": {
      "type_name": "custom_interfaces/msg/Time",
      "fields": [
        {
          "name": "sec",
          "type": {
            "type_id": 8,
            "capacity": 0,
            "string_capacity": 0,
            "nested_type_name": ""
          },
          "default_value": ""
        }
      ]
    },
    "referenced_type_descriptions": []
  },
  "type_hashes": [
    {
      "type_name": "custom_interfaces/msg/Time",
      "hash_string": "RIHS01_a743ee7d12753dbf6fe45de728c590a8d5de5da66ffba85f9599a8f33acc587d"
    }
  ]
}