{
  "type_description_msg": {
    "type_description": {
      "type_name": "custom_interfaces/msg/RobotBattery",
      "fields": [
        {
          "name": "header",
          "type": {
            "type_id": 1,
            "capacity": 0,
            "string_capacity": 0,
            "nested_type_name": "custom_interfaces/msg/Header"
          },
          "default_value": ""
        },
        {
          "name": "data",
          "type": {
            "type_id": 11,
            "capacity": 0,
            "string_capacity": 0,
            "nested_type_name": ""
          },
          "default_value": ""
        }
      ]
    },
    "referenced_type_descriptions": [
      {
        "type_name": "custom_interfaces/msg/Header",
        "fields": [
          {
            "name": "nid",
            "type": {
              "type_id": 17,
              "capacity": 0,
              "string_capacity": 0,
              "nested_type_name": ""
            },
            "default_value": ""
          },
          {
            "name": "frame_id",
            "type": {
              "type_id": 17,
              "capacity": 0,
              "string_capacity": 0,
              "nested_type_name": ""
            },
            "default_value": ""
          },
          {
            "name": "time",
            "type": {
              "type_id": 1,
              "capacity": 0,
              "string_capacity": 0,
              "nested_type_name": "custom_interfaces/msg/Time"
            },
            "default_value": ""
          }
        ]
      },
      {
        "type_name": "custom_interfaces/msg/Time",
        "fields": [
          {
            "name": "sec",
            "type": {
              "type_id": 8,
              "capacity": 0,
              "string_capacity": 0,
              "nested_type_name": ""
            },
            "default_value": ""
          }
        ]
      }
    ]
  },
  "type_hashes": [
    {
      "type_name": "custom_interfaces/msg/RobotBattery",
      "hash_string": "RIHS01_dab89462f9f5115de2351ad8362caab29bf4bad2b1451f82d6e9d04e22c0d2c9"
    },
    {
      "type_name": "custom_interfaces/msg/Header",
      "hash_string": "RIHS01_79a6c8e2f3074f77b788110e42253f3500396ab2ccff50a4c2a0501bfb053a40"
    },
    {
      "type_name": "custom_interfaces/msg/Time",
      "hash_string": "RIHS01_a743ee7d12753dbf6fe45de728c590a8d5de5da66ffba85f9599a8f33acc587d"
    }
  ]
}